,precision,recall,f1-score,support,roc_auc
0,0.8076995659558407,0.9176672384219554,0.859178962159992,4664.0,0.9165346115886323
1,0.905114899925871,0.7823579666809056,0.8392713942032306,4682.0,0.9165346115886323
accuracy,0.849882302589343,0.849882302589343,0.849882302589343,0.849882302589343,0.9165346115886323
macro avg,0.8564072329408559,0.8500126025514305,0.8492251781816114,9346.0,0.9165346115886323
weighted avg,0.8565010418436731,0.849882302589343,0.8492060076154214,9346.0,0.9165346115886323
