Model 1,Model 2,Mean AUC Model 1,Std Dev Model 1,Mean AUC Model 2,Std Dev Model 2,T-statistic,P-value,Significant
RF,LOGREG,0.9297,0.0021,0.7338,0.0045,87.7969,0.000000,Yes
RF,XGB,0.9297,0.0021,0.8694,0.0026,41.0933,0.000000,Yes
RF,SVM,0.9297,0.0021,0.4293,0.0398,28.0806,0.000000,Yes
LOGREG,XGB,0.7338,0.0045,0.8694,0.0026,-58.0933,0.000000,Yes
LOGREG,SVM,0.7338,0.0045,0.4293,0.0398,16.9998,0.000000,Yes
XGB,SVM,0.8694,0.0026,0.4293,0.0398,24.6779,0.000000,Yes
